{
  "Total" : {
    "transaction" : "Total",
    "sampleCount" : 100,
    "errorCount" : 5,
    "errorPct" : 5.0,
    "meanResTime" : 4494.750000000001,
    "medianResTime" : 4360.0,
    "minResTime" : 1890.0,
    "maxResTime" : 7398.0,
    "pct1ResTime" : 6571.200000000002,
    "pct2ResTime" : 7191.949999999999,
    "pct3ResTime" : 7397.72,
    "throughput" : 13.383297644539615,
    "receivedKBytesPerSec" : 7.753294591474839,
    "sentKBytesPerSec" : 18.571939407119913
  },
  "HTTP Request" : {
    "transaction" : "HTTP Request",
    "sampleCount" : 100,
    "errorCount" : 5,
    "errorPct" : 5.0,
    "meanResTime" : 4494.750000000001,
    "medianResTime" : 4360.0,
    "minResTime" : 1890.0,
    "maxResTime" : 7398.0,
    "pct1ResTime" : 6571.200000000002,
    "pct2ResTime" : 7191.949999999999,
    "pct3ResTime" : 7397.72,
    "throughput" : 13.383297644539615,
    "receivedKBytesPerSec" : 7.753294591474839,
    "sentKBytesPerSec" : 18.571939407119913
  }
}